{

  "dimtravel": {
    "sounds": [
      "suit/dimtravel"
    ],
    "category": "player"
  },
  "handon": {
    "sounds": [
      "suit/handon"
    ],
    "category": "player"
  },
  "numberfivetp": {
    "sounds": [
      "suit/numberfivetp"
    ],
    "category": "player"
  },
  "handoff": {
    "sounds": [
      "suit/handoff"
    ],
    "category": "player"
  },
  "prowler": {
    "sounds": [
      "suit/prowler"
    ],
    "category": "player"
  },
  "electro.sound": {
    "sounds": [
      "suit/electro_sound"
    ],
    "category": "player"
  },
  "powerpunch": {
    "sounds": [
      "suit/power_punch"
    ],
    "category": "player"
  },
    "helmet.on": {
      "sounds": [
        "suit/helmet_on"
      ],
      "category": "player"
    },
    "helmet.off": {
      "sounds": [
        "suit/helmet_off"
      ],
      "category": "player"
    },
    "mjolnir.enable": {
      "sounds": [
        "suit/mjolnir_enable"
      ],
      "category": "player"
    },
    "hulk.enable": {
      "sounds": [
        "suit/hulk_enable"
      ],
      "category": "player"
    },
    "sword.on": {
      "sounds": [
        "suit/sword_on"
      ],
      "category": "player"
    },
    "sword.off": {
      "sounds": [
        "suit/sword_off"
      ],
      "category": "player"
    },
    "thunderclap": {
      "sounds": [
        "suit/thunderclap"
      ],
      "category": "player"
    },
    "bracelethit": {
      "sounds": [
        "suit/bracelethit"
      ],
      "category": "player"
    },
    "jump": {
      "sounds": [
        "suit/jump"
      ],
      "category": "player"
    },
    "clawsextract": {
      "sounds": [
        "suit/clawsextract"
      ],
      "category": "player"
    },
    "clawsretract": {
      "sounds": [
        "suit/clawsretract"
      ],
      "category": "player"
    },
    "iamgroot": {
      "sounds": [
        "suit/iamgroot"
      ],
      "category": "player"
    },
    "flash.running": {
      "sounds": [
        "suit/speeds/flash_running"
      ],
      "category": "player"
    },
  "flash.run": {
    "sounds": [
      "suit/speeds/flash_take1",
      "suit/speeds/flash_take2",
      "suit/speeds/flash_take3",
      "suit/speeds/flash_take4",
      "suit/speeds/flash_take5",
      "suit/speeds/flash_take6",
      "suit/speeds/flash_take7",
      "suit/speeds/flash_take8",
      "suit/speeds/flash_take9",
      "suit/speeds/flash_take10"
    ],
    "category": "player"
  },
  "reverserun": {
    "sounds": [
      "suit/speeds/reverserun1",
      "suit/speeds/reverserun2",
      "suit/speeds/reverserun3"
    ],
    "category": "player"
  },
  "reverse": {
    "sounds": [
      "suit/speeds/reverse1",
      "suit/speeds/reverse2",
      "suit/speeds/reverse3"
    ],
    "category": "player"
  },
  "reverseoff": {
    "sounds": [
      "suit/speeds/reverseoff1",
      "suit/speeds/reverseoff2"
    ],
    "category": "player"
  },
  "zoom": {
    "sounds": [
      "suit/speeds/zoom1",
      "suit/speeds/zoom2",
      "suit/speeds/zoom3"
    ],
    "category": "player"
  },
  "zoomrun": {
    "sounds": [
      "suit/speeds/zoomrun1",
      "suit/speeds/zoomrun2",
      "suit/speeds/zoomrun3"
    ],
    "category": "player"
  },
  "zoomoff": {
    "sounds": [
      "suit/speeds/zoomoff",
      "suit/speeds/zoomoff2"
    ],
    "category": "player"
  },

  "flash": {
    "sounds": [
      "suit/speeds/flash1",
      "suit/speeds/flash2",
      "suit/speeds/flash3",
      "suit/speeds/flash4",
      "suit/speeds/flash5"
    ],
    "category": "player"
  },
  "flashrun": {
    "sounds": [
      "suit/speeds/flashrun1",
      "suit/speeds/flashrun2",
      "suit/speeds/flashrun3"
    ],
    "category": "player"
  },
  "flashoff": {
    "sounds": [
      "suit/speeds/flashoff1",
      "suit/speeds/flashoff2",
      "suit/speeds/flashoff3"
    ],
    "category": "player"
  },
  "blackflash": {
    "sounds": [
      "suit/speeds/blackflash1"
    ],
    "category": "player"
  },
  "blackflashrun": {
    "sounds": [
      "suit/speeds/blackflashrun1",
      "suit/speeds/blackflashrun2",
      "suit/speeds/blackflashrun3"
    ],
    "category": "player"
  },
  "blackflashoff": {
    "sounds": [
      "suit/speeds/blackflashoff1",
      "suit/speeds/reverseoff2"
    ],
    "category": "player"
  },
  "godspeed": {
    "sounds": [
      "suit/speeds/godspeed1"
    ],
    "category": "player"
  },
  "godspeedff": {
    "sounds": [
      "suit/speeds/godspeedoff",
      "suit/speeds/godspeedoff2"
    ],
    "category": "player"
  },
    "vibrating": {
      "sounds": [
        "suit/vibrating"
      ],
      "category": "player"
    },
    "grapple": {
      "sounds": [
        "suit/grapple"
      ],
      "category": "player"
    },
    "grappling.gun": {
      "sounds": [
        "suit/grappling_gun"
      ],
      "category": "player"
    },
    "suit.panther.enable": {
      "sounds": [
        "suit/panther_enable"
      ],
      "category": "player"
    },
    "suit.panther.disable": {
      "sounds": [
        "suit/panther_disable"
      ],
      "category": "player"
    },
    "canary.cry": {
      "sounds": [
        "suit/canary_cry"
      ],
      "category": "player"
    },
    "shoot.gun": {
      "sounds": [
        "suit/gun_shoot"
      ],
      "category": "player"
    },
    "reload.gun": {
      "sounds": [
        "suit/gun_reload"
      ],
      "category": "player"
    },
    "holster.gun": {
      "sounds": [
        "suit/gun_holster"
      ],
      "category": "player"
    }
}