{
    "panthersuit.enable": {
      "sounds": [
        "suit/panthersuit_enable"
      ],
      "category": "player"
    },
    "panthersuit.disable": {
      "sounds": [
        "suit/panthersuit_disable"
      ],
      "category": "player"
    },
    "canary.cry": {
      "sounds": [
        "suit/canary_cry"
      ],
      "category": "player"
    },
    "shoot.gun": {
      "sounds": [
        "suit/gun_shoot"
      ],
      "category": "player"
    },
    "reload.gun": {
      "sounds": [
        "suit/gun_reload"
      ],
      "category": "player"
    },
    "holster.gun": {
      "sounds": [
        "suit/gun_holster"
      ],
      "category": "player"
    }
}