{
    "sword.on": {
      "sounds": [
        "suit/sword_on"
      ],
      "category": "player"
    },
    "sword.off": {
      "sounds": [
        "suit/sword_off"
      ],
      "category": "player"
    },
    "thunderclap": {
      "sounds": [
        "suit/thunderclap"
      ],
      "category": "player"
    },
    "bracelethit": {
      "sounds": [
        "suit/bracelethit"
      ],
      "category": "player"
    },
    "jump": {
      "sounds": [
        "suit/jump"
      ],
      "category": "player"
    },
    "clawsextract": {
      "sounds": [
        "suit/clawsextract"
      ],
      "category": "player"
    },
    "clawsretract": {
      "sounds": [
        "suit/clawsretract"
      ],
      "category": "player"
    },
    "iamgroot": {
      "sounds": [
        "suit/iamgroot"
      ],
      "category": "player"
    },
    "flash.running": {
      "sounds": [
        "suit/speeds/flash_running"
      ],
      "category": "player"
    },
  "flash.run": {
    "sounds": [
      "suit/speeds/flash_take1",
      "suit/speeds/flash_take2",
      "suit/speeds/flash_take3",
      "suit/speeds/flash_take4",
      "suit/speeds/flash_take5",
      "suit/speeds/flash_take6",
      "suit/speeds/flash_take7",
      "suit/speeds/flash_take8",
      "suit/speeds/flash_take9",
      "suit/speeds/flash_take10"
    ],
    "category": "player"
  },
    "vibrating": {
      "sounds": [
        "suit/vibrating"
      ],
      "category": "player"
    },
    "grapple": {
      "sounds": [
        "suit/grapple"
      ],
      "category": "player"
    },
    "grappling.gun": {
      "sounds": [
        "suit/grappling_gun"
      ],
      "category": "player"
    },
    "suit.panther.enable": {
      "sounds": [
        "suit/panther_enable"
      ],
      "category": "player"
    },
    "suit.panther.disable": {
      "sounds": [
        "suit/panther_disable"
      ],
      "category": "player"
    },
    "canary.cry": {
      "sounds": [
        "suit/canary_cry"
      ],
      "category": "player"
    },
    "shoot.gun": {
      "sounds": [
        "suit/gun_shoot"
      ],
      "category": "player"
    },
    "reload.gun": {
      "sounds": [
        "suit/gun_reload"
      ],
      "category": "player"
    },
    "holster.gun": {
      "sounds": [
        "suit/gun_holster"
      ],
      "category": "player"
    }
}