{
    "grapple": {
      "sounds": [
        "suit/grapple"
      ],
      "category": "player"
    },
    "grappling.gun": {
      "sounds": [
        "suit/grappling_gun"
      ],
      "category": "player"
    },
    "suit.panther.enable": {
      "sounds": [
        "suit/panther_enable"
      ],
      "category": "player"
    },
    "suit.panther.disable": {
      "sounds": [
        "suit/panther_disable"
      ],
      "category": "player"
    },
    "canary.cry": {
      "sounds": [
        "suit/canary_cry"
      ],
      "category": "player"
    },
    "shoot.gun": {
      "sounds": [
        "suit/gun_shoot"
      ],
      "category": "player"
    },
    "reload.gun": {
      "sounds": [
        "suit/gun_reload"
      ],
      "category": "player"
    },
    "holster.gun": {
      "sounds": [
        "suit/gun_holster"
      ],
      "category": "player"
    }
}