{

  "vulture.flight.enable": {
    "sounds": [
      "vulture/flight_enable"
    ],
    "category": "player"
  },
  "vulture.flight.disable": {
    "sounds": [
      "vulture/flight_disable"
    ],
    "category": "player"
  },
  "vulture.flight.roll": {
    "sounds": [
      "vulture/flight_roll"
    ],
    "category": "player"
  },
  "shocker.gauntlet.on": {
    "sounds": [
      "shocker/gauntlet_on"
    ],
    "category": "player"
  },
  "shocker.gauntlet.off": {
    "sounds": [
      "shocker/gauntlet_off"
    ],
    "category": "player"
  },
  "shocker.punch": {
    "sounds": [
      "shocker/punch",
      "shocker/punch2"
    ],
    "category": "player"
  },
  "shocker.leap": {
    "sounds": [
      "shocker/leap"
    ],
    "category": "player"
  },
  "shocker.blast" : {
    "sounds": [
      "shocker/gauntlet_blast"
    ],
    "category": "player"
  },
  "shocker.beam.charge": {
    "sounds": [
      "shocker/shocker_charge",
      "shocker/shocker_charge2"
    ],
    "category": "player"
  },
  "shocker.beam.start": {
    "sounds": [
      "shocker/shocker_beam_start"
    ],
    "category": "player"
  },
  "shocker.beam.stop": {
    "sounds": [
      "shocker/shocker_beam_stop"
    ],
    "category": "player"
  },
  "shocker.shield": {
    "sounds": [
      "shocker/shield"
    ],
    "category": "player"
  },
  "vulture.shoot": {
    "sounds": [
      "vulture/shoot1",
      "vulture/shoot2"
    ],
    "category": "player"
  },
  "punisher.m16.shoot": {
    "sounds": [
      "punisher/m16/shoot"
    ],
    "category": "player"
  },
  "kingpin.jewel.loop": {
    "sounds": [
      "kingpin/jewel_loop"
    ],
    "category": "player"
  },
  "kingpin.jewel.charged": {
    "sounds": [
      "kingpin/jewel_charge"
    ],
    "category": "player"
  },



  "jubilee_beam": {
    "sounds": [
       "suit/jubilee_beam"
    ],
    "category": "player"
  },
  "bike.idle": {
    "sounds": [
       "suit/bike_idle"
    ],
    "category": "player"
  },
  "bike.moving": {
    "sounds": [
       "suit/bike_moving"
    ],
    "category": "player"
  },
  "bike.off": {
    "sounds": [
       "suit/bike_off"
    ],
    "category": "player"
  },
  "hell.ambient": {
    "sounds": [
       "suit/hell_ambient"
    ],
    "category": "player"
  },
  "rider.speach": {
    "sounds": [
       "suit/rider_speach"
    ],
    "category": "player"
  },

  "bzzz": {
    "sounds": [
       "suit/bzzz"
    ],
    "category": "player"
  },
  "fire_on": {
    "sounds": [
       "suit/fire_on"
    ],
    "category": "player"
  },
  "rhino.stomp": {
    "sounds": [
       "suit/rhino_stomp"
    ],
    "category": "player"
  },
  "fire.landing": {
    "sounds": [
      "suit/fire_landing"
    ],
    "category": "player"
  },
  "fire.loop": {
    "sounds": [
       "suit/fire_loop"
    ],
    "category": "player"
  },
  "giant_end": {
    "sounds": [
       "suit/giant_end"
    ],
    "category": "player"
  },
  "giant_start": {
    "sounds": [
       "suit/giant_start"
    ],
    "category": "player"
  },
  "kang_beam": {
    "sounds": [
       "suit/kang_beam"
    ],
    "category": "player"
  },
  "nova_beam": {
    "sounds": [
       "suit/nova_beam"
    ],
    "category": "player"
  },
  "nova_blast": {
    "sounds": [
       "suit/nova_blast"
    ],
    "category": "player"
  },
  "quake_beam": {
    "sounds": [
       "suit/quake_beam"
    ],
    "category": "player"
  },
  "energy_blast": {
    "sounds": [
       "suit/energy_blast"
    ],
    "category": "player"
  },
  "water_beam": {
    "sounds": [
       "suit/water_beam"
    ],
    "category": "player"
  },
  "sand_cloud": {
    "sounds": [
       "suit/sand_cloud"
    ],
    "category": "player"
  },
  "sand_cloud_start": {
    "sounds": [
       "suit/sand_cloud_start"
    ],
    "category": "player"
  },
  "sand_mace": {
    "sounds": [
       "suit/sand_mace"
    ],
    "category": "player"
  },




  "mjolnirslam": {
    "sounds": [
       "suit/mjolnirslam"
    ],
    "category": "player"
  },
  "hammerhit": {
    "sounds": [
       "suit/hammerhit"
    ],
    "category": "player"
  },
  "hammerthrow": {
    "sounds": [
       "suit/hammerthrow"
    ],
    "category": "player"
  },
  "mjolnir.call": {
    "sounds": [
       "suit/mjolnir_call"
    ],
    "category": "player"
  },
  "spidersense": {
    "sounds": [
       "suit/spidersense"
    ],
    "category": "player"
  },
  "thor.hammer": {
    "sounds": [
       "suit/thor_flight"
    ],
    "category": "player"
  },
  "ironman.mark1.mask.open": {
    "sounds": [
      "suit/mark1_mask_open"
    ],
    "category": "player"
  },
  "ironman.mark1.mask.close": {
    "sounds": [
      "suit/mark1_mask_close"
    ],
    "category": "player"
  },
  "unibeam_shoot": {
    "sounds": [
       "suit/unibeam_shoot"
    ],
    "category": "player"
  },
  "unibeam_charge": {
    "sounds": [
       "suit/unibeam_charge"
    ],
    "category": "player"
  },
  "war.gun": {
    "sounds": [
       "suit/war_gun"
    ],
    "category": "player"
  },
  "beetle.flight.loop": {
    "sounds": [
      "suit/beetle_flight_loop"
    ],
    "category": "player"
  },
  "beetle.blade.enable": {
    "sounds": [
      "suit/beetle_blade_enable"
    ],
    "category": "player"
  },
  "beetle.blade.disable": {
    "sounds": [
      "suit/beetle_blade_disable"
    ],
    "category": "player"
  },
  "buster.sword.enable": {
    "sounds": [
      "suit/buster_sword_enable"
    ],
    "category": "player"
  },
  "buster.sword.crackle": {
    "sounds": [
      "suit/buster_sword_crackle"
    ],
    "category": "player"
  },
  "scarab.enable": {
    "sounds": [
      "suit/scarab_enable"
    ],
    "category": "player"
  },
  "beetle.flight.start": {
    "sounds": [
      "suit/beetle_flight_start"
    ],
    "category": "player"
  },
  "landing": {
    "sounds": [
      "suit/landing"
    ],
    "category": "player"
  },
  "groot.claws": {
    "sounds": [
       "suit/groot_wings"
    ],
    "category": "player"
  },
  "groot.wings": {
    "sounds": [
       "suit/groot_wings"
    ],
    "category": "player"
  },
  "suit.symbiote.climb": {
    "sounds": [
      "suit/symbiot_climb_1",
      "suit/symbiot_climb_2"
    ],
    "category": "player"
  },
  "suit.symbiote.unanchor": {
    "sounds": [
      "suit/symbiot_unanchor"
    ],
    "category": "player"
  },
  "suit.symbiote.grab": {
    "sounds": [
      "suit/symbiot_strike_1"
    ],
    "category": "player"
  },
  "suit.symbiote.jab": {
    "sounds": [
      "suit/symbiot_strike_2"
    ],
    "category": "player"
  },

  "shazam.adam": {
    "sounds": [
      "suit/shazam_adam"
    ],
    "category": "player"
  },
  "shazam.family": {
    "sounds": [
      "suit/shazam_family"
    ],
    "category": "player"
  },
  "shazam": {
    "sounds": [
      "suit/shazam"
    ],
    "category": "player"
  },
  "hammercall": {
    "sounds": [
      "suit/hammercall"
    ],
    "category": "player"
  },
  "moon.enable": {
    "sounds": [
      "suit/moon_enable"
    ],
    "category": "player"
  },
  "moon.disable": {
    "sounds": [
      "suit/moon_disable"
    ],
    "category": "player"
  },
  "moon.mask.close": {
    "sounds": [
      "suit/moon_mask_close"
    ],
    "category": "player"
  },
  "moon.mask.open": {
    "sounds": [
      "suit/moon_mask_open"
    ],
    "category": "player"
  },
  "shocker": {
    "sounds": [
      "suit/shocker"
    ],
    "category": "player"
  },
  "speed.vortex": {
    "sounds": [
      "suit/speed_vortex"
    ],
    "category": "player"
  },
  "lightning": {
    "sounds": [
      "suit/lightning"
    ],
    "category": "player"
  },
  "symbioteon": {
    "sounds": [
      "suit/symbioteon"
    ],
    "category": "player"
  },
  "symbioteoff": {
    "sounds": [
      "suit/symbioteoff"
    ],
    "category": "player"
  },
  "blackpantheron": {
    "sounds": [
      "suit/blackpantheron"
    ],
    "category": "player"
  },
	"nightcrawler_teleport":{
	"sounds": [
	"suit/nightcrawler_teleport"
	],
	"category": "player"
	},
    "silence": {
      "sounds": [
        "suit/silence"
      ],
      "category": "player"
    },
	"iceman_beam": {
	"sounds": [
	"suit/iceman_beam"
	],
	"category": "player"
	},
	"iceman_flight": {
	"sounds": [
	"suit/iceman_flight"
	],
	"category": "player"
	},
  "dimtravel": {
    "sounds": [
      "suit/dimtravel"
    ],
    "category": "player"
  },
  "handon": {
    "sounds": [
      "suit/handon"
    ],
    "category": "player"
  },
  "numberfivetp": {
    "sounds": [
      "suit/numberfivetp"
    ],
    "category": "player"
  },
  "handoff": {
    "sounds": [
      "suit/handoff"
    ],
    "category": "player"
  },
  "prowler": {
    "sounds": [
      "suit/prowler"
    ],
    "category": "player"
  },
  "electro.sound": {
    "sounds": [
      "suit/electro_sound"
    ],
    "category": "player"
  },
  "powerpunch": {
    "sounds": [
      "suit/power_punch"
    ],
    "category": "player"
  },
    "helmet.on": {
      "sounds": [
        "suit/helmet_on"
      ],
      "category": "player"
    },
    "helmet.off": {
      "sounds": [
        "suit/helmet_off"
      ],
      "category": "player"
    },
    "mjolnir.enable": {
      "sounds": [
        "suit/mjolnir_enable"
      ],
      "category": "player"
    },
    "mjolnir.disable": {
      "sounds": [
        "suit/mjolnir_disable"
      ],
      "category": "player"
    },
    "hulk.enable": {
      "sounds": [
        "suit/hulk_enable"
      ],
      "category": "player"
    },
    "sword.on": {
      "sounds": [
        "suit/sword_on"
      ],
      "category": "player"
    },
    "sword.off": {
      "sounds": [
        "suit/sword_off"
      ],
      "category": "player"
    },
    "thunderclap": {
      "sounds": [
        "suit/thunderclap"
      ],
      "category": "player"
    },
    "bracelethit": {
      "sounds": [
        "suit/bracelethit"
      ],
      "category": "player"
    },
    "jump": {
      "sounds": [
        "suit/jump"
      ],
      "category": "player"
    },
    "clawsextract": {
      "sounds": [
        "suit/clawsextract"
      ],
      "category": "player"
    },
    "clawsretract": {
      "sounds": [
        "suit/clawsretract"
      ],
      "category": "player"
    },
    "iamgroot": {
      "sounds": [
        "suit/iamgroot"
      ],
      "category": "player"
    },
    "flash.running": {
      "sounds": [
        "suit/speeds/flash_running"
      ],
      "category": "player"
    },
  "flash.run": {
    "sounds": [
      "suit/speeds/flash_take1",
      "suit/speeds/flash_take2",
      "suit/speeds/flash_take3",
      "suit/speeds/flash_take4",
      "suit/speeds/flash_take5",
      "suit/speeds/flash_take6",
      "suit/speeds/flash_take7",
      "suit/speeds/flash_take8",
      "suit/speeds/flash_take9",
      "suit/speeds/flash_take10"
    ],
    "category": "player"
  },
  "reverserun": {
    "sounds": [
      "suit/speeds/reverserun1",
      "suit/speeds/reverserun2",
      "suit/speeds/reverserun3"
    ],
    "category": "player"
  },
  "reverse": {
    "sounds": [
      "suit/speeds/reverse1",
      "suit/speeds/reverse2",
      "suit/speeds/reverse3"
    ],
    "category": "player"
  },
  "reverseoff": {
    "sounds": [
      "suit/speeds/reverseoff1",
      "suit/speeds/reverseoff2"
    ],
    "category": "player"
  },
  "zoom": {
    "sounds": [
      "suit/speeds/zoom1",
      "suit/speeds/zoom2",
      "suit/speeds/zoom3"
    ],
    "category": "player"
  },
  "zoomrun": {
    "sounds": [
      "suit/speeds/zoomrun1",
      "suit/speeds/zoomrun2",
      "suit/speeds/zoomrun3"
    ],
    "category": "player"
  },
  "zoomoff": {
    "sounds": [
      "suit/speeds/zoomoff",
      "suit/speeds/zoomoff2"
    ],
    "category": "player"
  },

  "flash": {
    "sounds": [
      "suit/speeds/flash1",
      "suit/speeds/flash2",
      "suit/speeds/flash3",
      "suit/speeds/flash4",
      "suit/speeds/flash5"
    ],
    "category": "player"
  },
  "flashrun": {
    "sounds": [
      "suit/speeds/flashrun1",
      "suit/speeds/flashrun2",
      "suit/speeds/flashrun3"
    ],
    "category": "player"
  },
  "flashoff": {
    "sounds": [
      "suit/speeds/flashoff1",
      "suit/speeds/flashoff2",
      "suit/speeds/flashoff3"
    ],
    "category": "player"
  },
  "blackflash": {
    "sounds": [
      "suit/speeds/blackflash1"
    ],
    "category": "player"
  },
  "blackflashrun": {
    "sounds": [
      "suit/speeds/blackflashrun1",
      "suit/speeds/blackflashrun2",
      "suit/speeds/blackflashrun3"
    ],
    "category": "player"
  },
  "blackflashoff": {
    "sounds": [
      "suit/speeds/blackflashoff1",
      "suit/speeds/reverseoff2"
    ],
    "category": "player"
  },
  "godspeed": {
    "sounds": [
      "suit/speeds/godspeed1"
    ],
    "category": "player"
  },
  "godspeedff": {
    "sounds": [
      "suit/speeds/godspeedoff",
      "suit/speeds/godspeedoff2"
    ],
    "category": "player"
  },
    "vibrating": {
      "sounds": [
        "suit/vibrating"
      ],
      "category": "player"
    },
    "grapple": {
      "sounds": [
        "suit/grapple"
      ],
      "category": "player"
    },
    "grappling.gun": {
      "sounds": [
        "suit/grappling_gun"
      ],
      "category": "player"
    },
  "billyclub.new": {
    "sounds": [
       "suit/billyclub"
    ],
    "category": "player"
  },
    "suit.panther.enable": {
      "sounds": [
        "suit/panther_enable"
      ],
      "category": "player"
    },
    "suit.panther.disable": {
      "sounds": [
        "suit/panther_disable"
      ],
      "category": "player"
    },
    "canary.cry": {
      "sounds": [
        "suit/canary_cry"
      ],
      "category": "player"
    },
    "shoot.gun": {
      "sounds": [
        "suit/gun_shoot"
      ],
      "category": "player"
    },
    "reload.gun": {
      "sounds": [
        "suit/gun_reload"
      ],
      "category": "player"
    },
    "holster.gun": {
      "sounds": [
        "suit/gun_holster"
      ],
      "category": "player"
    }
}