{

  "main.spawn_transform_sound": {
    "sounds": [
      "spawn/spawn_transform_sound"
    ],
    "category": "player"
  },
  "main.spawn_tp2": {
    "sounds": [
      "spawn/spawn_tp2"
    ],
    "category": "player"
  },
  "main.spawn_tp": {
    "sounds": [
      "spawn/spawn_tp"
    ],
    "category": "player"
  },
  "main.spawn_invis": {
    "sounds": [
      "spawn/spawn_invis"
    ],
    "category": "player"
  },
  "main.spawn_visible": {
    "sounds": [
      "spawn/spawn_visible"
    ],
    "category": "player"
  },
  "main.spawn_healingfactor": {
    "sounds": [
      "spawn/spawn_healingfactor"
    ],
    "category": "player"
  },
  "main.spawn_mask_off": {
    "sounds": [
      "spawn/spawn_mask_off"
    ],
    "category": "player"
  },
  "main.spawn_mask_on": {
    "sounds": [
      "spawn/spawn_mask_on"
    ],
    "category": "player"
  },
  "main.spawn_untransform": {
    "sounds": [
      "spawn/spawn_untransform"
    ],
    "category": "player"
  },
  "main.chain_spawn_jab_start": {
    "sounds": [
      "spawn/chain_spawn_jab_start"
    ],
    "category": "player"
  },
  "main.chain_spawn_grab_start": {
    "sounds": [
      "spawn/chain_spawn_grab_start"
    ],
    "category": "player"
  },
  "main.chain_spawn_disable": {
    "sounds": [
      "spawn/chain_spawn_disable"
    ],
    "category": "player"
  },
  "main.chain_spawn_enable": {
    "sounds": [
      "spawn/chain_spawn_enable"
    ],
    "category": "player"
  },
  "main.chain_spawn_grab_unanchor": {
    "sounds": [
      "spawn/chain_spawn_grab_unanchor"
    ],
    "category": "player"
  },
  "main.spawn_wisp_in": {
    "sounds": [
      "spawn/spawn_wisp_in"
    ],
    "category": "player"
  },
  "main.spawn_wisp_out": {
    "sounds": [
      "spawn/spawn_wisp_out"
    ],
    "category": "player"
  },
  "main.spawn_wisp_ambient": {
    "sounds": [
      "spawn/spawn_wisp_ambient"
    ],
    "category": "player"
  },

  "metal_pipe_fall": {
    "sounds": [
      "pepsi/metal_pipe_fall"
    ],
    "category": "player"
  },
  "whoosh_can": {
    "sounds": [
      "pepsi/whoosh_can"
    ],
    "category": "player"
  },
  "main.EpicMetal_Hard": {
    "sounds": [
      "pepsi/EpicMetal_Hard"
    ],
    "category": "player"
  },
  "main.refreshing": {
    "sounds": [
      "pepsi/refreshing"
    ],
    "category": "player"
  },
  "main.shaking_can": {
    "sounds": [
      "pepsi/shaking_can"
    ],
    "category": "player"
  },
  "main.sodacan_open": {
    "sounds": [
      "pepsi/sodacan_open"
    ],
    "category": "player"
  },
  "main.inflating_can": {
    "sounds": [
      "pepsi/inflating_can"
    ],
    "category": "player"
  },
  "main.pepsiman": {
    "sounds": [{
        "name": "pepsi/pepsiman",
        "stream": true
      }
    ],
    "category": "player"
  },
  "main.pepsiman_step": {
    "sounds": [
      "pepsi/pepsiman_step"
    ],
    "category": "player"
  },
  "main.pepsi_shoot": {
    "sounds": [
      "pepsi/pepsi_shoot"
    ],
    "category": "player"
  },
  "main.pepsiman_theme": {
    "sounds": [{
        "name": "pepsi/pepsiman_theme",
        "stream": true
      }
    ],
    "category": "player"
  },
  "main.pepsi_man_fall_flatten_1": {
    "sounds": [
      "pepsi/pepsi_man_fall_flatten_1"
    ],
    "category": "player"
  },
  "main.pepsiman_inground_landing": {
    "sounds": [
      "pepsi/pepsiman_inground_landing"
    ],
    "category": "player"
  },
  "main.pepsi_man_takeoff": {
    "sounds": [
      "pepsi/pepsi_man_takeoff"
    ],
    "category": "player"
  },


  "main.cold_beam_startup": {
    "sounds": [
      "dannyphantom/cold_beam_startup"
    ],
    "category": "player"
  },
  "main.cold_beam_loopable": {
    "sounds": [
      "dannyphantom/cold_beam_loopable"
    ],
    "category": "player"
  },
  "main.danny_phantom_ghostly_wail": {
    "sounds": [
      "dannyphantom/danny_phantom_ghostly_wail"
    ],
    "category": "player"
  },
  "main.danny_transform": {
    "sounds": [
      "dannyphantom/danny_phantom_transform"
    ],
    "category": "player"
  },
  "main.danny_inhale": {
    "sounds": [
      "dannyphantom/danny_inhale"
    ],
    "category": "player"
  },
  "main.danny_ectoplasm_aim_idle": {
    "sounds": [
      "dannyphantom/danny_ectoplasm_aim_idle"
    ],
    "category": "player"
  },
  "main.danny_ectoplasm_beam": {
    "sounds": [
      "dannyphantom/danny_ectoplasm_beam"
    ],
    "category": "player"
  },
  "main.danny_ectoplasm_bolt": {
    "sounds": [
      "dannyphantom/danny_ectoplasm_bolt"
    ],
    "category": "player"
  },
  "main.danny_ectoplasm_chargeup": {
    "sounds": [
      "dannyphantom/danny_ectoplasm_chargeup"
    ],
    "category": "player"
  },
  "main.danny_phantom_visible": {
    "sounds": [
      "dannyphantom/danny_phantom_visible"
    ],
    "category": "player"
  },
  "main.danny_phantom_invisible": {
    "sounds": [
      "dannyphantom/danny_phantom_invisible"
    ],
    "category": "player"
  },

  "main.detective_mode_on_v1": {
    "sounds": [
      "batman/detective_mode_on_v1"
    ],
    "category": "player"
  },
  "main.act_fly_lp": {
    "sounds": [
      "dr_manhattan/act_fly_lp"
    ],
    "category": "player"
  },
  "main.des_2": {
    "sounds": [
      "dr_manhattan/des_2"
    ],
    "category": "player"
  },
  "main.dr_manhattan_teleport": {
    "sounds": [
      "dr_manhattan/dr_manhattan_teleport"
    ],
    "category": "player"
  },
  "main.dr_manhattan_telekinesis": {
    "sounds": [
      "dr_manhattan/dr_manhattan_telekinesis"
    ],
    "category": "player"
  },
  "main.dr_manhattan_grow_1": {
    "sounds": [
      "dr_manhattan/dr_manhattan_grow_1"
    ],
    "category": "player"
  },
  "main.dr_manhattan_grow_complete_1": {
    "sounds": [
      "dr_manhattan/dr_manhattan_grow_complete_1"
    ],
    "category": "player"
  },
  "main.dr_manhattan_shrink": {
    "sounds": [
      "dr_manhattan/dr_manhattan_shrink"
    ],
    "category": "player"
  },

  
  "main.gizmo_bolt_imp": {
    "sounds": [
      "boostergold/gizmo_bolt_imp"
    ],
    "category": "player"
  },
  "main.rewind_tp": {
    "sounds": [
      "boostergold/rewind_tp"
    ],
    "category": "player"
  },
  "main.compbeep_1": {
    "sounds": [
      "boostergold/compbeep_1"
    ],
    "category": "player"
  },
  "main.compbeep_2": {
    "sounds": [
      "boostergold/compbeep_2"
    ],
    "category": "player"
  },
  "main.slowmo_stop": {
    "sounds": [
      "boostergold/slowmo_stop"
    ],
    "category": "player"
  },
  "main.slowmo_start": {
    "sounds": [
      "boostergold/slowmo_start"
    ],
    "category": "player"
  },
  "main.booster_gold_lungeslam": {
    "sounds": [
      "boostergold/booster_gold_lungeslam"
    ],
    "category": "player"
  },
  "main.booster_gold_shield_off": {
    "sounds": [
      "boostergold/booster_gold_shield_off"
    ],
    "category": "player"
  },
  "main.booster_gold_start_beam": {
    "sounds": [
      "boostergold/booster_gold_start_beam"
    ],
    "category": "player"
  },
  "main.booster_gold_beam": {
    "sounds": [
      "boostergold/booster_gold_beam"
    ],
    "category": "player"
  },
  "main.booster_gold_shield": {
    "sounds": [
      "boostergold/booster_gold_shield"
    ],
    "category": "player"
  },
  "main.booster_gold_shield_on": {
    "sounds": [
      "boostergold/booster_gold_shield_on"
    ],
    "category": "player"
  },
  "main.booster_gold_lunge_smal": {
    "sounds": [
      "boostergold/booster_gold_lunge_smal"
    ],
    "category": "player"
  },
  "main.time_travel_back": {
    "sounds": [
      "boostergold/time_travel_back"
    ],
    "category": "player"
  },

  "main.wasp_roll": {
    "sounds": [
      "wasp/wasp_roll"
    ],
    "category": "player"
  },
  "main.wasp_mask_on": {
    "sounds": [
      "wasp/wasp_mask_on"
    ],
    "category": "player"
  },
  "main.wasp_mask_off": {
    "sounds": [
      "wasp/wasp_mask_off"
    ],
    "category": "player"
  },
  "main.wasp_energy_bolt": {
    "sounds": [
      "wasp/wasp_energy_bolt"
    ],
    "category": "player"
  },
  "main.wasp_fly": {
    "sounds": [
      "wasp/wasp_fly"
    ],
    "category": "player"
  },
  "main.wasp_fly_idle": {
    "sounds": [
      "wasp/wasp_fly_idle"
    ],
    "category": "player"
  },
  "main.wasp_fly_start": {
    "sounds": [
      "wasp/wasp_fly_start"
    ],
    "category": "player"
  },
  "main.wasp_grow": {
    "sounds": [
      "wasp/wasp_grow"
    ],
    "category": "player"
  },
  "main.wasp_shrink": {
    "sounds": [
      "wasp/wasp_shrink"
    ],
    "category": "player"
  },
    "bzzz": {
      "sounds": [
        "wasp/bzzz"
      ],
      "category": "player"
    },


    "helmet.on": {
      "sounds": [
        "antman/helmet_on"
      ],
      "category": "player"
    },
    "helmet.off": {
      "sounds": [
        "antman/helmet_off"
      ],
      "category": "player"
    },
	"flap_wings": {
      "sounds": [
        "xmen/flap_wings"
      ],
      "category": "player"
    },
  "skates.walk": {
    "sounds": [
      "skates"
    ],
    "category": "player"
  },
  "numberfive_tp_old": {
    "sounds": [
      "numberfive_tp_old"
    ],
    "category": "player"
  },
  "explode": {
    "sounds": [
      "explode/1",
      "explode/2",
      "explode/3",
      "explode/4"
    ],
    "category": "player"
  },
  "smoke": {
    "sounds": [
      "smoke"
    ],
    "category": "player"
  },
  "daredevil.grapple": {
    "sounds": [
      "daredevil/grapple"
    ],
    "category": "player"
  },
  "rorschach.voiceline": {
    "sounds": [
      "rorschach/voiceline"
    ],
    "category": "player"
  },
  "bullseye.spit_tooth": {
    "sounds": [
      "bullseye/spit_tooth"
    ],
    "category": "player"
  },
  "bullseye.voiceline": {
    "sounds": [
      "bullseye/voiceline"
    ],
    "category": "player"
  },
  "harley.pop_gun_shoot": {
    "sounds": [
      "harley/pop_gun_shoot"
    ],
    "category": "player"
  },
  "harley.laugh": {
    "sounds": [
      "harley/laugh"
    ],
    "category": "player"
  },
  "harley.skate": {
    "sounds": [
      "harley/skate"
    ],
    "category": "player"
  },
  "harley.mallet_hit": {
    "sounds": [
      "harley/mallet_hit"
    ],
    "category": "player"
  },
  "harley.voiceline": {
    "sounds": [
      "harley/voiceline"
    ],
    "category": "player"
  },
  "the_question.voiceline": {
    "sounds": [
      "the_question/voiceline"
    ],
    "category": "player"
  },
  "riddler.voiceline": {
    "sounds": [
      "riddler/voiceline"
    ],
    "category": "player"
  },
  "spider_man.sense": {
    "sounds": [
      "spider_man/sense"
    ],
    "category": "player"
  },
  "spider_man.evil_dance": {
    "sounds": [
      "spider_man/evil_dance"
    ],
    "category": "player"
  },
  "spider_man.theme": {
    "sounds": [
      "spider_man/theme"
    ],
    "category": "player"
  },
  "spider_man.voiceline": {
    "sounds": [
      "spider_man/voiceline"
    ],
    "category": "player"
  },
  "hawkeye.heart_beat": {
    "sounds": [
      "hawkeye/heart_beat"
    ],
    "category": "player"
  }
}