{
    "helmet.on": {
      "sounds": [
        "antman/helmet_on"
      ],
      "category": "player"
    },
    "helmet.off": {
      "sounds": [
        "antman/helmet_off"
      ],
      "category": "player"
    },
	"flap_wings": {
      "sounds": [
        "xmen/flap_wings"
      ],
      "category": "player"
    },
  "skates.walk": {
    "sounds": [
      "skates"
    ],
    "category": "player"
  },
  "numberfive_tp_old": {
    "sounds": [
      "numberfive_tp_old"
    ],
    "category": "player"
  },
  "explode": {
    "sounds": [
      "explode/1",
      "explode/2",
      "explode/3",
      "explode/4"
    ],
    "category": "player"
  },
  "smoke": {
    "sounds": [
      "smoke"
    ],
    "category": "player"
  },
  "daredevil.grapple": {
    "sounds": [
      "daredevil/grapple"
    ],
    "category": "player"
  },
  "rorschach.voiceline": {
    "sounds": [
      "rorschach/voiceline"
    ],
    "category": "player"
  },
  "bullseye.spit_tooth": {
    "sounds": [
      "bullseye/spit_tooth"
    ],
    "category": "player"
  },
  "bullseye.voiceline": {
    "sounds": [
      "bullseye/voiceline"
    ],
    "category": "player"
  },
  "harley.pop_gun_shoot": {
    "sounds": [
      "harley/pop_gun_shoot"
    ],
    "category": "player"
  },
  "harley.laugh": {
    "sounds": [
      "harley/laugh"
    ],
    "category": "player"
  },
  "harley.skate": {
    "sounds": [
      "harley/skate"
    ],
    "category": "player"
  },
  "harley.mallet_hit": {
    "sounds": [
      "harley/mallet_hit"
    ],
    "category": "player"
  },
  "harley.voiceline": {
    "sounds": [
      "harley/voiceline"
    ],
    "category": "player"
  },
  "the_question.voiceline": {
    "sounds": [
      "the_question/voiceline"
    ],
    "category": "player"
  },
  "riddler.voiceline": {
    "sounds": [
      "riddler/voiceline"
    ],
    "category": "player"
  },
  "spider_man.sense": {
    "sounds": [
      "spider_man/sense"
    ],
    "category": "player"
  },
  "spider_man.evil_dance": {
    "sounds": [
      "spider_man/evil_dance"
    ],
    "category": "player"
  },
  "spider_man.theme": {
    "sounds": [
      "spider_man/theme"
    ],
    "category": "player"
  },
  "spider_man.voiceline": {
    "sounds": [
      "spider_man/voiceline"
    ],
    "category": "player"
  },
  "hawkeye.heart_beat": {
    "sounds": [
      "hawkeye/heart_beat"
    ],
    "category": "player"
  }
}