{


  "main.detective_mode_on_v1": {
    "sounds": [
      "batman/detective_mode_on_v1"
    ],
    "category": "player"
  },
  "main.act_fly_lp": {
    "sounds": [
      "dr_manhattan/act_fly_lp"
    ],
    "category": "player"
  },
  "main.des_2": {
    "sounds": [
      "dr_manhattan/des_2"
    ],
    "category": "player"
  },
  "main.dr_manhattan_teleport": {
    "sounds": [
      "dr_manhattan/dr_manhattan_teleport"
    ],
    "category": "player"
  },
  "main.dr_manhattan_telekinesis": {
    "sounds": [
      "dr_manhattan/dr_manhattan_telekinesis"
    ],
    "category": "player"
  },
  "main.dr_manhattan_grow_1": {
    "sounds": [
      "dr_manhattan/dr_manhattan_grow_1"
    ],
    "category": "player"
  },
  "main.dr_manhattan_grow_complete_1": {
    "sounds": [
      "dr_manhattan/dr_manhattan_grow_complete_1"
    ],
    "category": "player"
  },
  "main.dr_manhattan_shrink": {
    "sounds": [
      "dr_manhattan/dr_manhattan_shrink"
    ],
    "category": "player"
  },

  
  "main.gizmo_bolt_imp": {
    "sounds": [
      "boostergold/gizmo_bolt_imp"
    ],
    "category": "player"
  },
  "main.rewind_tp": {
    "sounds": [
      "boostergold/rewind_tp"
    ],
    "category": "player"
  },
  "main.compbeep_1": {
    "sounds": [
      "boostergold/compbeep_1"
    ],
    "category": "player"
  },
  "main.compbeep_2": {
    "sounds": [
      "boostergold/compbeep_2"
    ],
    "category": "player"
  },
  "main.slowmo_stop": {
    "sounds": [
      "boostergold/slowmo_stop"
    ],
    "category": "player"
  },
  "main.slowmo_start": {
    "sounds": [
      "boostergold/slowmo_start"
    ],
    "category": "player"
  },
  "main.booster_gold_lungeslam": {
    "sounds": [
      "boostergold/booster_gold_lungeslam"
    ],
    "category": "player"
  },
  "main.booster_gold_shield_off": {
    "sounds": [
      "boostergold/booster_gold_shield_off"
    ],
    "category": "player"
  },
  "main.booster_gold_start_beam": {
    "sounds": [
      "boostergold/booster_gold_start_beam"
    ],
    "category": "player"
  },
  "main.booster_gold_beam": {
    "sounds": [
      "boostergold/booster_gold_beam"
    ],
    "category": "player"
  },
  "main.booster_gold_shield": {
    "sounds": [
      "boostergold/booster_gold_shield"
    ],
    "category": "player"
  },
  "main.booster_gold_shield_on": {
    "sounds": [
      "boostergold/booster_gold_shield_on"
    ],
    "category": "player"
  },
  "main.booster_gold_lunge_smal": {
    "sounds": [
      "boostergold/booster_gold_lunge_smal"
    ],
    "category": "player"
  },
  "main.time_travel_back": {
    "sounds": [
      "boostergold/time_travel_back"
    ],
    "category": "player"
  },

  "main.wasp_roll": {
    "sounds": [
      "wasp/wasp_roll"
    ],
    "category": "player"
  },
  "main.wasp_mask_on": {
    "sounds": [
      "wasp/wasp_mask_on"
    ],
    "category": "player"
  },
  "main.wasp_mask_off": {
    "sounds": [
      "wasp/wasp_mask_off"
    ],
    "category": "player"
  },
  "main.wasp_energy_bolt": {
    "sounds": [
      "wasp/wasp_energy_bolt"
    ],
    "category": "player"
  },
  "main.wasp_fly": {
    "sounds": [
      "wasp/wasp_fly"
    ],
    "category": "player"
  },
  "main.wasp_fly_idle": {
    "sounds": [
      "wasp/wasp_fly_idle"
    ],
    "category": "player"
  },
  "main.wasp_fly_start": {
    "sounds": [
      "wasp/wasp_fly_start"
    ],
    "category": "player"
  },
  "main.wasp_grow": {
    "sounds": [
      "wasp/wasp_grow"
    ],
    "category": "player"
  },
  "main.wasp_shrink": {
    "sounds": [
      "wasp/wasp_shrink"
    ],
    "category": "player"
  },
    "bzzz": {
      "sounds": [
        "wasp/bzzz"
      ],
      "category": "player"
    },


    "helmet.on": {
      "sounds": [
        "antman/helmet_on"
      ],
      "category": "player"
    },
    "helmet.off": {
      "sounds": [
        "antman/helmet_off"
      ],
      "category": "player"
    },
	"flap_wings": {
      "sounds": [
        "xmen/flap_wings"
      ],
      "category": "player"
    },
  "skates.walk": {
    "sounds": [
      "skates"
    ],
    "category": "player"
  },
  "numberfive_tp_old": {
    "sounds": [
      "numberfive_tp_old"
    ],
    "category": "player"
  },
  "explode": {
    "sounds": [
      "explode/1",
      "explode/2",
      "explode/3",
      "explode/4"
    ],
    "category": "player"
  },
  "smoke": {
    "sounds": [
      "smoke"
    ],
    "category": "player"
  },
  "daredevil.grapple": {
    "sounds": [
      "daredevil/grapple"
    ],
    "category": "player"
  },
  "rorschach.voiceline": {
    "sounds": [
      "rorschach/voiceline"
    ],
    "category": "player"
  },
  "bullseye.spit_tooth": {
    "sounds": [
      "bullseye/spit_tooth"
    ],
    "category": "player"
  },
  "bullseye.voiceline": {
    "sounds": [
      "bullseye/voiceline"
    ],
    "category": "player"
  },
  "harley.pop_gun_shoot": {
    "sounds": [
      "harley/pop_gun_shoot"
    ],
    "category": "player"
  },
  "harley.laugh": {
    "sounds": [
      "harley/laugh"
    ],
    "category": "player"
  },
  "harley.skate": {
    "sounds": [
      "harley/skate"
    ],
    "category": "player"
  },
  "harley.mallet_hit": {
    "sounds": [
      "harley/mallet_hit"
    ],
    "category": "player"
  },
  "harley.voiceline": {
    "sounds": [
      "harley/voiceline"
    ],
    "category": "player"
  },
  "the_question.voiceline": {
    "sounds": [
      "the_question/voiceline"
    ],
    "category": "player"
  },
  "riddler.voiceline": {
    "sounds": [
      "riddler/voiceline"
    ],
    "category": "player"
  },
  "spider_man.sense": {
    "sounds": [
      "spider_man/sense"
    ],
    "category": "player"
  },
  "spider_man.evil_dance": {
    "sounds": [
      "spider_man/evil_dance"
    ],
    "category": "player"
  },
  "spider_man.theme": {
    "sounds": [
      "spider_man/theme"
    ],
    "category": "player"
  },
  "spider_man.voiceline": {
    "sounds": [
      "spider_man/voiceline"
    ],
    "category": "player"
  },
  "hawkeye.heart_beat": {
    "sounds": [
      "hawkeye/heart_beat"
    ],
    "category": "player"
  }
}